{
  "config": {
    "state": "CA",
    "years": [
      2020,
      2021
    ],
    "variables": [
      "TMAX",
      "TMIN",
      "ADPT",
      "ASLP",
      "AWBT"
    ],
    "max_stations": 30,
    "hide_fraction": 0.65,
    "output_group": "missing_65pct_seed0",
    "seed": 0,
    "rho": 0.005,
    "max_iter": 300,
    "tol": 1e-05,
    "spatial_weight": 0.1,
    "spatial_power": 2.0,
    "run_kriging": true,
    "run_cokriging": true,
    "kriging_range_km": null,
    "kriging_nugget": 1e-06,
    "cokriging_max_points": 120,
    "standardized_by_variable": true,
    "physical_correction": {
      "enabled": true,
      "temperature_lapse_rate_c_per_km": 6.5,
      "corrected_variables": [
        "TMAX",
        "TMIN"
      ]
    }
  },
  "tensor": {
    "shape": [
      5,
      24,
      30
    ],
    "missing_rate": 0.004444444444444473,
    "observed_entries": 3584,
    "heldout_entries": 2330
  },
  "halrtc": {
    "iterations": 191,
    "converged": true,
    "final_relative_change": 9.838334902904006e-06
  },
  "per_variable_metrics": {
    "PhysicalLocationHaLRTC": {
      "TMAX": {
        "rmse": 4.147432709263374,
        "mae": 3.3788210347500622,
        "r2": 0.7205051820949346,
        "r": 0.8821841283494842,
        "n": 459
      },
      "TMIN": {
        "rmse": 3.8737884526607647,
        "mae": 2.900499488768111,
        "r2": 0.6419385923507726,
        "r": 0.8148998201084944,
        "n": 480
      },
      "ADPT": {
        "rmse": 41.78939077577182,
        "mae": 30.229489848921283,
        "r2": 0.6577187576073317,
        "r": 0.8952058122908734,
        "n": 461
      },
      "ASLP": {
        "rmse": 21.587799620382917,
        "mae": 16.742738563721936,
        "r2": 0.7675689579557303,
        "r": 0.9274267952155367,
        "n": 443
      },
      "AWBT": {
        "rmse": 19.342329127361264,
        "mae": 13.897074105138985,
        "r2": 0.8052919833848515,
        "r": 0.9378908306766182,
        "n": 487
      }
    },
    "MeanFill": {
      "TMAX": {
        "rmse": 7.535187608775035,
        "mae": 6.1173628368726405,
        "r2": 0.07742176961080227,
        "r": 0.294939310181205,
        "n": 459
      },
      "TMIN": {
        "rmse": 6.472746125316591,
        "mae": 5.261672733516483,
        "r2": 0.00031572430408666197,
        "r": 0.28107065784557506,
        "n": 480
      },
      "ADPT": {
        "rmse": 60.12454574765528,
        "mae": 46.09722236067139,
        "r2": 0.29147588476458186,
        "r": 0.5482533189571058,
        "n": 461
      },
      "ASLP": {
        "rmse": 45.23545986945543,
        "mae": 37.3433436390547,
        "r2": -0.02055259720681013,
        "r": 0.1645750179681369,
        "n": 443
      },
      "AWBT": {
        "rmse": 44.66885447640733,
        "mae": 36.84546536055776,
        "r2": -0.03842688957815499,
        "r": 0.2661234010800782,
        "n": 487
      }
    },
    "TemporalMean": {
      "TMAX": {
        "rmse": 5.3025858889712705,
        "mae": 3.9853957966933744,
        "r2": 0.5431322667455003,
        "r": 0.7374901168024656,
        "n": 459
      },
      "TMIN": {
        "rmse": 4.34951666076837,
        "mae": 3.3968539562289566,
        "r2": 0.5485936005044587,
        "r": 0.7525187992728476,
        "n": 480
      },
      "ADPT": {
        "rmse": 58.5180691529302,
        "mae": 45.146898457430474,
        "r2": 0.3288323807203454,
        "r": 0.5809057050340611,
        "n": 461
      },
      "ASLP": {
        "rmse": 22.704379275269584,
        "mae": 16.639443576975076,
        "r2": 0.742903219141201,
        "r": 0.8619478702950404,
        "n": 443
      },
      "AWBT": {
        "rmse": 26.27225760204788,
        "mae": 19.45509183948609,
        "r2": 0.640779525223607,
        "r": 0.8056449230420496,
        "n": 487
      }
    },
    "IDW": {
      "TMAX": {
        "rmse": 4.992120330539627,
        "mae": 3.615764562848358,
        "r2": 0.5950651517474211,
        "r": 0.7740251113043554,
        "n": 459
      },
      "TMIN": {
        "rmse": 3.993009161337593,
        "mae": 2.964923640850136,
        "r2": 0.6195598647157134,
        "r": 0.800899485663623,
        "n": 480
      },
      "ADPT": {
        "rmse": 50.4561027998668,
        "mae": 33.78819729977971,
        "r2": 0.501025414994322,
        "r": 0.7134439055814621,
        "n": 461
      },
      "ASLP": {
        "rmse": 17.961503348901612,
        "mae": 12.842630178765054,
        "r2": 0.8390975192622868,
        "r": 0.9188361253892474,
        "n": 443
      },
      "AWBT": {
        "rmse": 25.32493963523509,
        "mae": 17.098424335379505,
        "r2": 0.6662178308364202,
        "r": 0.8187681594175901,
        "n": 487
      }
    },
    "Kriging": {
      "TMAX": {
        "rmse": 4.694518067961662,
        "mae": 3.359609434595775,
        "r2": 0.6419059599285266,
        "r": 0.8017300470278914,
        "n": 459
      },
      "TMIN": {
        "rmse": 4.0316311910894145,
        "mae": 3.009144464702596,
        "r2": 0.6121647249639826,
        "r": 0.7982663064184146,
        "n": 480
      },
      "ADPT": {
        "rmse": 48.24888152385764,
        "mae": 32.814780734229025,
        "r2": 0.5437262116537593,
        "r": 0.7400529339200793,
        "n": 461
      },
      "ASLP": {
        "rmse": 16.83263368886685,
        "mae": 12.083230187800769,
        "r2": 0.8586871948187483,
        "r": 0.9277093355388695,
        "n": 443
      },
      "AWBT": {
        "rmse": 25.324911552498303,
        "mae": 17.217452289512742,
        "r2": 0.6662185710957644,
        "r": 0.8215997697556487,
        "n": 487
      }
    },
    "Cokriging": {
      "TMAX": {
        "rmse": 5.3141450055125095,
        "mae": 3.549669728884184,
        "r2": 0.5411382421317493,
        "r": 0.7602807946042596,
        "n": 459
      },
      "TMIN": {
        "rmse": 8.56127759324624,
        "mae": 3.957714330510939,
        "r2": -0.7488915207080022,
        "r": 0.4916421914694927,
        "n": 480
      },
      "ADPT": {
        "rmse": 38.622522367389664,
        "mae": 27.341483978940065,
        "r2": 0.7076303507609483,
        "r": 0.8434234818546672,
        "n": 461
      },
      "ASLP": {
        "rmse": 27.23276909548006,
        "mae": 16.746988423592754,
        "r2": 0.6301198882250583,
        "r": 0.803851920639916,
        "n": 443
      },
      "AWBT": {
        "rmse": 22.305297537077216,
        "mae": 15.179174367470884,
        "r2": 0.7410700206986394,
        "r": 0.89001270527418,
        "n": 487
      }
    }
  }
}