{
  "config": {
    "state": "CA",
    "years": [
      2020,
      2021
    ],
    "variables": [
      "TMAX",
      "TMIN",
      "ADPT",
      "ASLP",
      "AWBT"
    ],
    "max_stations": 30,
    "hide_fraction": 0.1,
    "output_group": "missing_10pct_seed0",
    "seed": 0,
    "rho": 0.005,
    "max_iter": 300,
    "tol": 1e-05,
    "spatial_weight": 0.1,
    "spatial_power": 2.0,
    "run_kriging": true,
    "run_cokriging": true,
    "run_empirical_bayes": true,
    "kriging_range_km": null,
    "kriging_nugget": 1e-06,
    "cokriging_max_points": 120,
    "bayes_shrinkage": 5.0,
    "bayes_temporal_smoothing": 0.2,
    "bayes_spatial_smoothing": 0.1,
    "bayes_spatial_neighbors": 8,
    "standardized_by_variable": true,
    "physical_correction": {
      "enabled": true,
      "temperature_lapse_rate_c_per_km": 6.5,
      "corrected_variables": [
        "TMAX",
        "TMIN"
      ]
    }
  },
  "tensor": {
    "shape": [
      5,
      24,
      30
    ],
    "missing_rate": 0.0008333333333333526,
    "observed_entries": 3597,
    "heldout_entries": 360
  },
  "halrtc": {
    "iterations": 265,
    "converged": true,
    "final_relative_change": 9.923804431534512e-06
  },
  "per_variable_metrics": {
    "PhysicalLocationHaLRTC": {
      "TMAX": {
        "rmse": 0.818380731749104,
        "mae": 0.6499444015471804,
        "r2": 0.9887928412787321,
        "r": 0.9960100190210294,
        "n": 67
      },
      "TMIN": {
        "rmse": 0.7680173476749078,
        "mae": 0.6161235988250868,
        "r2": 0.9837198546461915,
        "r": 0.9931476187916649,
        "n": 65
      },
      "ADPT": {
        "rmse": 9.742207620142487,
        "mae": 6.76503114664604,
        "r2": 0.9735003332887477,
        "r": 0.9924053509208872,
        "n": 72
      },
      "ASLP": {
        "rmse": 6.040523160510229,
        "mae": 3.623393576777257,
        "r2": 0.9799150369601105,
        "r": 0.9937919797309426,
        "n": 71
      },
      "AWBT": {
        "rmse": 5.271228304773632,
        "mae": 3.6121621828765678,
        "r2": 0.9862526777718724,
        "r": 0.9956356324479353,
        "n": 85
      }
    },
    "MeanFill": {
      "TMAX": {
        "rmse": 6.81576022267759,
        "mae": 6.002788402509862,
        "r2": 0.22265584274214345,
        "r": 0.4801317924022522,
        "n": 67
      },
      "TMIN": {
        "rmse": 5.995604523434094,
        "mae": 5.277439841075916,
        "r2": 0.007838945424706756,
        "r": 0.31321660539551205,
        "n": 65
      },
      "ADPT": {
        "rmse": 38.43611448641265,
        "mae": 31.67603035429864,
        "r2": 0.5875183747168555,
        "r": 0.7843643831760471,
        "n": 72
      },
      "ASLP": {
        "rmse": 41.32364457407867,
        "mae": 34.23109809700552,
        "r2": 0.06001880733199527,
        "r": 0.27461823658022394,
        "n": 71
      },
      "AWBT": {
        "rmse": 41.021903268485836,
        "mae": 34.88156565923571,
        "r2": 0.16741981317602617,
        "r": 0.4255207686887726,
        "n": 85
      }
    },
    "TemporalMean": {
      "TMAX": {
        "rmse": 4.838639884774721,
        "mae": 3.4970097794307384,
        "r2": 0.6082298585698657,
        "r": 0.7816838740702554,
        "n": 67
      },
      "TMIN": {
        "rmse": 3.729121367959165,
        "mae": 2.9284965880351574,
        "r2": 0.6161785385669701,
        "r": 0.7914087741491842,
        "n": 65
      },
      "ADPT": {
        "rmse": 48.12467583619116,
        "mae": 34.77246459767617,
        "r2": 0.3533619076198189,
        "r": 0.6086470736314276,
        "n": 72
      },
      "ASLP": {
        "rmse": 22.119537316021045,
        "mae": 14.359991281673784,
        "r2": 0.7306766511262619,
        "r": 0.8699637712751292,
        "n": 71
      },
      "AWBT": {
        "rmse": 24.888416195436033,
        "mae": 17.950210392681665,
        "r2": 0.6935292857495587,
        "r": 0.8353844145927372,
        "n": 85
      }
    },
    "IDW": {
      "TMAX": {
        "rmse": 4.03235096836087,
        "mae": 2.9407623695998275,
        "r2": 0.7279170160204792,
        "r": 0.8655662979171908,
        "n": 67
      },
      "TMIN": {
        "rmse": 2.8245859749943003,
        "mae": 2.035620954340491,
        "r2": 0.7797956899342697,
        "r": 0.8847002064409215,
        "n": 65
      },
      "ADPT": {
        "rmse": 39.62021916390085,
        "mae": 25.046108445612997,
        "r2": 0.5617121844277446,
        "r": 0.7707840977580426,
        "n": 72
      },
      "ASLP": {
        "rmse": 15.79976524159547,
        "mae": 10.510078663601593,
        "r2": 0.862588462988567,
        "r": 0.9440345467372886,
        "n": 71
      },
      "AWBT": {
        "rmse": 23.029604734710162,
        "mae": 15.054150842447667,
        "r2": 0.7375978268806698,
        "r": 0.8682020096732176,
        "n": 85
      }
    },
    "Kriging": {
      "TMAX": {
        "rmse": 3.402521369627937,
        "mae": 2.277792106371124,
        "r2": 0.8062746499296263,
        "r": 0.9003431356930388,
        "n": 67
      },
      "TMIN": {
        "rmse": 2.9398687139679662,
        "mae": 2.010429981014418,
        "r2": 0.7614540258878778,
        "r": 0.8769590159733347,
        "n": 65
      },
      "ADPT": {
        "rmse": 32.65742795561285,
        "mae": 23.668476663344588,
        "r2": 0.7022240593836873,
        "r": 0.8405272462395039,
        "n": 72
      },
      "ASLP": {
        "rmse": 11.486091405932148,
        "mae": 8.181485897057145,
        "r2": 0.9273782909284026,
        "r": 0.9670798441703577,
        "n": 71
      },
      "AWBT": {
        "rmse": 22.55996125101244,
        "mae": 14.982333489613902,
        "r2": 0.7481910523939437,
        "r": 0.8698301255701166,
        "n": 85
      }
    },
    "Cokriging": {
      "TMAX": {
        "rmse": 1.7700629113197566,
        "mae": 1.192069198157719,
        "r2": 0.9475721394109251,
        "r": 0.9748982879357746,
        "n": 67
      },
      "TMIN": {
        "rmse": 1.9212568219764636,
        "mae": 1.2464948685073158,
        "r2": 0.898120439299187,
        "r": 0.9491100643142234,
        "n": 65
      },
      "ADPT": {
        "rmse": 13.609771989707095,
        "mae": 9.11130532794912,
        "r2": 0.9482837115630559,
        "r": 0.9741464928006965,
        "n": 72
      },
      "ASLP": {
        "rmse": 15.973860333086295,
        "mae": 11.834531432257073,
        "r2": 0.8595435475984962,
        "r": 0.941828722107728,
        "n": 71
      },
      "AWBT": {
        "rmse": 5.067746911032864,
        "mae": 3.445361096224009,
        "r2": 0.9872935481689612,
        "r": 0.9940409205081712,
        "n": 85
      }
    },
    "EmpiricalBayes": {
      "TMAX": {
        "rmse": 3.2907340413264903,
        "mae": 2.5472695288256872,
        "r2": 0.8187949490847488,
        "r": 0.9377817656164799,
        "n": 67
      },
      "TMIN": {
        "rmse": 2.3867137949786392,
        "mae": 1.8468641525320733,
        "r2": 0.8427767009087367,
        "r": 0.9393272464092807,
        "n": 65
      },
      "ADPT": {
        "rmse": 23.382278529919247,
        "mae": 15.09014466408587,
        "r2": 0.8473491210245621,
        "r": 0.9652635533335512,
        "n": 72
      },
      "ASLP": {
        "rmse": 16.16523961949425,
        "mae": 11.746140670789316,
        "r2": 0.8561578312514245,
        "r": 0.9663563024467542,
        "n": 71
      },
      "AWBT": {
        "rmse": 15.583467539900651,
        "mae": 11.206112923777576,
        "r2": 0.8798503083357241,
        "r": 0.9622251967562192,
        "n": 85
      }
    }
  }
}