{
  "config": {
    "state": "CA",
    "years": [
      2020,
      2021
    ],
    "variables": [
      "TMAX",
      "TMIN",
      "ADPT",
      "ASLP",
      "AWBT"
    ],
    "max_stations": 30,
    "hide_fraction": 0.3,
    "output_group": "missing_30pct_seed0",
    "seed": 0,
    "rho": 0.005,
    "max_iter": 300,
    "tol": 1e-05,
    "spatial_weight": 0.1,
    "spatial_power": 2.0,
    "standardized_by_variable": true,
    "physical_correction": {
      "enabled": true,
      "temperature_lapse_rate_c_per_km": 6.5,
      "corrected_variables": [
        "TMAX",
        "TMIN"
      ]
    }
  },
  "tensor": {
    "shape": [
      5,
      24,
      30
    ],
    "missing_rate": 0.004444444444444473,
    "observed_entries": 3584,
    "heldout_entries": 1075
  },
  "halrtc": {
    "iterations": 177,
    "converged": true,
    "final_relative_change": 9.873754690137212e-06
  },
  "per_variable_metrics": {
    "PhysicalLocationHaLRTC": {
      "TMAX": {
        "rmse": 2.4491325854850716,
        "mae": 1.903739916399052,
        "r2": 0.9044592877912407,
        "r": 0.9591809887469207,
        "n": 201
      },
      "TMIN": {
        "rmse": 2.15668039743851,
        "mae": 1.6171778098992466,
        "r2": 0.8973120982485968,
        "r": 0.9602787020018255,
        "n": 206
      },
      "ADPT": {
        "rmse": 26.287508335240314,
        "mae": 18.07834272149536,
        "r2": 0.8690849504337159,
        "r": 0.9568047874991904,
        "n": 230
      },
      "ASLP": {
        "rmse": 15.137847437956728,
        "mae": 10.5950905743167,
        "r2": 0.8870356062624848,
        "r": 0.9592398673975746,
        "n": 220
      },
      "AWBT": {
        "rmse": 10.328164137091163,
        "mae": 7.140228279026302,
        "r2": 0.9381047420465753,
        "r": 0.9761223372064467,
        "n": 218
      }
    },
    "MeanFill": {
      "TMAX": {
        "rmse": 7.662171852571118,
        "mae": 6.1882901982675556,
        "r2": 0.0648793272678817,
        "r": 0.2867146257079134,
        "n": 201
      },
      "TMIN": {
        "rmse": 6.115055754118086,
        "mae": 5.15115329394339,
        "r2": 0.17444019430849844,
        "r": 0.4179369764815748,
        "n": 206
      },
      "ADPT": {
        "rmse": 58.04011481105097,
        "mae": 46.42377564748409,
        "r2": 0.3618140284418606,
        "r": 0.6031345758054034,
        "n": 230
      },
      "ASLP": {
        "rmse": 44.273639504257424,
        "mae": 35.96952389358228,
        "r2": 0.033718250661226135,
        "r": 0.21669078384276147,
        "n": 220
      },
      "AWBT": {
        "rmse": 40.090276242789834,
        "mae": 32.95460651903049,
        "r2": 0.06741331101594217,
        "r": 0.3361285278762596,
        "n": 218
      }
    },
    "TemporalMean": {
      "TMAX": {
        "rmse": 5.326476619314298,
        "mae": 4.026712110903442,
        "r2": 0.5480983456188518,
        "r": 0.7436470025091806,
        "n": 201
      },
      "TMIN": {
        "rmse": 4.145722352973936,
        "mae": 3.2199535637318832,
        "r2": 0.6205556203774281,
        "r": 0.7887923662817294,
        "n": 206
      },
      "ADPT": {
        "rmse": 56.73523428190422,
        "mae": 42.48664497354976,
        "r2": 0.3901873448312959,
        "r": 0.6305240269051624,
        "n": 230
      },
      "ASLP": {
        "rmse": 24.697921350760137,
        "mae": 17.932524249854744,
        "r2": 0.6992995109417028,
        "r": 0.8365281364857801,
        "n": 220
      },
      "AWBT": {
        "rmse": 23.838064820652097,
        "mae": 18.03418213413079,
        "r2": 0.6702740656589683,
        "r": 0.8265995308458947,
        "n": 218
      }
    },
    "IDW": {
      "TMAX": {
        "rmse": 4.254622236313914,
        "mae": 3.182684329932323,
        "r2": 0.7116726155283992,
        "r": 0.8454931391324487,
        "n": 201
      },
      "TMIN": {
        "rmse": 3.647008145732107,
        "mae": 2.5758841725864894,
        "r2": 0.7063559774937568,
        "r": 0.8469325224534319,
        "n": 206
      },
      "ADPT": {
        "rmse": 45.204613127284134,
        "mae": 30.377884689514943,
        "r2": 0.6128705226093949,
        "r": 0.8002573491256091,
        "n": 230
      },
      "ASLP": {
        "rmse": 19.368078768326185,
        "mae": 12.190492807022961,
        "r2": 0.8150789234140281,
        "r": 0.9082776271509836,
        "n": 220
      },
      "AWBT": {
        "rmse": 21.469514935442938,
        "mae": 14.21805561874646,
        "r2": 0.7325420079873635,
        "r": 0.8599856623981058,
        "n": 218
      }
    }
  }
}