{
  "config": {
    "state": "CA",
    "years": [
      2020,
      2021
    ],
    "variables": [
      "TMAX",
      "TMIN",
      "ADPT",
      "ASLP",
      "AWBT"
    ],
    "max_stations": 30,
    "hide_fraction": 0.5,
    "output_group": "missing_50pct_seed0",
    "seed": 0,
    "rho": 0.005,
    "max_iter": 300,
    "tol": 1e-05,
    "spatial_weight": 0.1,
    "spatial_power": 2.0,
    "run_kriging": true,
    "run_cokriging": true,
    "kriging_range_km": null,
    "kriging_nugget": 1e-06,
    "cokriging_max_points": 120,
    "standardized_by_variable": true,
    "physical_correction": {
      "enabled": true,
      "temperature_lapse_rate_c_per_km": 6.5,
      "corrected_variables": [
        "TMAX",
        "TMIN"
      ]
    }
  },
  "tensor": {
    "shape": [
      5,
      24,
      30
    ],
    "missing_rate": 0.004444444444444473,
    "observed_entries": 3584,
    "heldout_entries": 1792
  },
  "halrtc": {
    "iterations": 185,
    "converged": true,
    "final_relative_change": 9.911151539158635e-06
  },
  "per_variable_metrics": {
    "PhysicalLocationHaLRTC": {
      "TMAX": {
        "rmse": 3.070190076264066,
        "mae": 2.522957172588594,
        "r2": 0.846849229118686,
        "r": 0.9399258511178459,
        "n": 342
      },
      "TMIN": {
        "rmse": 2.3084725287609817,
        "mae": 1.7925623306871705,
        "r2": 0.8645819091123987,
        "r": 0.9410280755605442,
        "n": 367
      },
      "ADPT": {
        "rmse": 30.24647117585395,
        "mae": 21.386778556407183,
        "r2": 0.7853309172736719,
        "r": 0.9120068446062696,
        "n": 369
      },
      "ASLP": {
        "rmse": 17.33947979555438,
        "mae": 12.93984791851525,
        "r2": 0.8543470551570476,
        "r": 0.9555782466825943,
        "n": 361
      },
      "AWBT": {
        "rmse": 15.173769727491463,
        "mae": 10.8335260713453,
        "r2": 0.8891663069518765,
        "r": 0.9608818967614235,
        "n": 353
      }
    },
    "MeanFill": {
      "TMAX": {
        "rmse": 7.3232058648156935,
        "mae": 6.073976556662959,
        "r2": 0.1286529890243845,
        "r": 0.3621718333006923,
        "n": 342
      },
      "TMIN": {
        "rmse": 5.888677201867793,
        "mae": 4.909228450931448,
        "r2": 0.11882379292525558,
        "r": 0.3698796812132046,
        "n": 367
      },
      "ADPT": {
        "rmse": 56.83523087725166,
        "mae": 44.96937598641329,
        "r2": 0.24202421563226761,
        "r": 0.5534569716951373,
        "n": 369
      },
      "ASLP": {
        "rmse": 44.804524618660736,
        "mae": 37.046896455345234,
        "r2": 0.027497135409653817,
        "r": 0.2091971950788589,
        "n": 361
      },
      "AWBT": {
        "rmse": 44.34205212127438,
        "mae": 37.17200625153883,
        "r2": 0.053509187759836374,
        "r": 0.28012191433320577,
        "n": 353
      }
    },
    "TemporalMean": {
      "TMAX": {
        "rmse": 5.265662911850402,
        "mae": 3.95718071156851,
        "r2": 0.5495000288952441,
        "r": 0.7463692208020691,
        "n": 342
      },
      "TMIN": {
        "rmse": 4.106107310169333,
        "mae": 3.193862189970605,
        "r2": 0.5715621258802492,
        "r": 0.7618708436617943,
        "n": 367
      },
      "ADPT": {
        "rmse": 54.629244893148766,
        "mae": 41.95841461473084,
        "r2": 0.2997220218388692,
        "r": 0.5702876601462594,
        "n": 369
      },
      "ASLP": {
        "rmse": 22.716925217675634,
        "mae": 16.795321521848393,
        "r2": 0.7499964138232234,
        "r": 0.8662543005749808,
        "n": 361
      },
      "AWBT": {
        "rmse": 25.2090318921211,
        "mae": 19.02208922192894,
        "r2": 0.6940875433193108,
        "r": 0.8340306814616365,
        "n": 353
      }
    },
    "IDW": {
      "TMAX": {
        "rmse": 4.43557873630665,
        "mae": 3.2079439734740416,
        "r2": 0.680339300356215,
        "r": 0.8249905121004993,
        "n": 342
      },
      "TMIN": {
        "rmse": 3.4595123509333794,
        "mae": 2.4915460343439615,
        "r2": 0.6958715586145597,
        "r": 0.8345360937578448,
        "n": 367
      },
      "ADPT": {
        "rmse": 47.85941579136497,
        "mae": 30.348732004942793,
        "r2": 0.4625292181195455,
        "r": 0.6967588094113905,
        "n": 369
      },
      "ASLP": {
        "rmse": 17.044657853201127,
        "mae": 11.631485095646106,
        "r2": 0.8592580002844601,
        "r": 0.9284972739012429,
        "n": 361
      },
      "AWBT": {
        "rmse": 22.886148659841695,
        "mae": 15.61648902810384,
        "r2": 0.7478666723987575,
        "r": 0.8655178958928622,
        "n": 353
      }
    },
    "Kriging": {
      "TMAX": {
        "rmse": 4.180125229608196,
        "mae": 2.91519735209749,
        "r2": 0.7160987887690451,
        "r": 0.8488171031214207,
        "n": 342
      },
      "TMIN": {
        "rmse": 3.5081286238652885,
        "mae": 2.51236243520559,
        "r2": 0.6872637085960346,
        "r": 0.8319740196382237,
        "n": 367
      },
      "ADPT": {
        "rmse": 45.57420097345204,
        "mae": 29.143515200984073,
        "r2": 0.512630664763819,
        "r": 0.7232599078969681,
        "n": 369
      },
      "ASLP": {
        "rmse": 15.57185607875072,
        "mae": 10.822833018619823,
        "r2": 0.8825297470291359,
        "r": 0.9396470883525233,
        "n": 361
      },
      "AWBT": {
        "rmse": 23.28189476040217,
        "mae": 16.235499151694764,
        "r2": 0.7390715286834042,
        "r": 0.8601204587105677,
        "n": 353
      }
    },
    "Cokriging": {
      "TMAX": {
        "rmse": 3.8060344122268717,
        "mae": 2.8005256007034096,
        "r2": 0.7646392272694278,
        "r": 0.8803717116238066,
        "n": 342
      },
      "TMIN": {
        "rmse": 2.9321358176105035,
        "mae": 2.126431292600354,
        "r2": 0.7815281774881297,
        "r": 0.8862680529953463,
        "n": 367
      },
      "ADPT": {
        "rmse": 31.896767983415717,
        "mae": 21.26071329933208,
        "r2": 0.7612664628352718,
        "r": 0.8745938155451574,
        "n": 369
      },
      "ASLP": {
        "rmse": 17.729656074138436,
        "mae": 12.531591900051408,
        "r2": 0.8477182833540641,
        "r": 0.9219056311690018,
        "n": 361
      },
      "AWBT": {
        "rmse": 15.668928626458484,
        "mae": 10.464894319551437,
        "r2": 0.8818147084375626,
        "r": 0.9390656505948467,
        "n": 353
      }
    }
  }
}