{
  "config": {
    "state": "CA",
    "years": [
      2020,
      2021
    ],
    "variables": [
      "TMAX",
      "TMIN",
      "ADPT",
      "ASLP",
      "AWBT"
    ],
    "max_stations": 30,
    "hide_fraction": 0.1,
    "seed": 0,
    "rho": 0.005,
    "max_iter": 300,
    "tol": 1e-05,
    "spatial_weight": 0.1,
    "spatial_power": 2.0,
    "standardized_by_variable": true,
    "physical_correction": {
      "enabled": true,
      "temperature_lapse_rate_c_per_km": 6.5,
      "corrected_variables": [
        "TMAX",
        "TMIN"
      ]
    }
  },
  "tensor": {
    "shape": [
      5,
      24,
      30
    ],
    "missing_rate": 0.004444444444444473,
    "observed_entries": 3584,
    "heldout_entries": 358
  },
  "halrtc": {
    "iterations": 149,
    "converged": true,
    "final_relative_change": 9.786662371461208e-06
  },
  "per_variable_metrics": {
    "PhysicalLocationHaLRTC": {
      "TMAX": {
        "rmse": 2.294892227254467,
        "mae": 1.6487145577057862,
        "r2": 0.9248438342770494,
        "r": 0.9778828380252167,
        "n": 65
      },
      "TMIN": {
        "rmse": 1.8666349409426344,
        "mae": 1.3991057019739563,
        "r2": 0.8967464098530593,
        "r": 0.9532738505500348,
        "n": 65
      },
      "ADPT": {
        "rmse": 26.019985080146377,
        "mae": 15.995070081719485,
        "r2": 0.885793939809102,
        "r": 0.9572197166235937,
        "n": 69
      },
      "ASLP": {
        "rmse": 9.092183681431603,
        "mae": 6.885255442426382,
        "r2": 0.9571142871502009,
        "r": 0.9872705939423861,
        "n": 68
      },
      "AWBT": {
        "rmse": 7.659507324481278,
        "mae": 6.095630510561801,
        "r2": 0.9682079254354078,
        "r": 0.9882333824353426,
        "n": 91
      }
    },
    "MeanFill": {
      "TMAX": {
        "rmse": 7.825097357075582,
        "mae": 6.446470437774784,
        "r2": 0.126184941723962,
        "r": 0.3665890912006659,
        "n": 65
      },
      "TMIN": {
        "rmse": 5.701215230617641,
        "mae": 4.918467633053446,
        "r2": 0.036789401839625646,
        "r": 0.302649155726483,
        "n": 65
      },
      "ADPT": {
        "rmse": 60.338572264575284,
        "mae": 46.40859010186324,
        "r2": 0.38586319866978347,
        "r": 0.6345276739974813,
        "n": 69
      },
      "ASLP": {
        "rmse": 43.09343174492603,
        "mae": 34.5841132271506,
        "r2": 0.03661829922326021,
        "r": 0.216172314090117,
        "n": 68
      },
      "AWBT": {
        "rmse": 39.24793026891385,
        "mae": 33.33599428217623,
        "r2": 0.16526097974445864,
        "r": 0.4103464910931093,
        "n": 91
      }
    },
    "TemporalMean": {
      "TMAX": {
        "rmse": 5.557222610697942,
        "mae": 4.099085333411064,
        "r2": 0.5592872515416676,
        "r": 0.7518769804548278,
        "n": 65
      },
      "TMIN": {
        "rmse": 3.4812731190105444,
        "mae": 2.643411646905016,
        "r2": 0.640860997196969,
        "r": 0.8083703159607452,
        "n": 65
      },
      "ADPT": {
        "rmse": 59.82374311371611,
        "mae": 44.801487555977815,
        "r2": 0.3962985357265597,
        "r": 0.639358754446356,
        "n": 69
      },
      "ASLP": {
        "rmse": 24.323117422762834,
        "mae": 18.13369882710763,
        "r2": 0.6930874097317906,
        "r": 0.8337415608325844,
        "n": 68
      },
      "AWBT": {
        "rmse": 23.73410077637424,
        "mae": 18.1945675538031,
        "r2": 0.6947450178634438,
        "r": 0.8350329337231669,
        "n": 91
      }
    },
    "IDW": {
      "TMAX": {
        "rmse": 4.6724061578815945,
        "mae": 3.2668674969008884,
        "r2": 0.6884547023050209,
        "r": 0.8594200542220369,
        "n": 65
      },
      "TMIN": {
        "rmse": 3.0423074897646214,
        "mae": 1.9027050880868552,
        "r2": 0.7257209779263808,
        "r": 0.8529292912886685,
        "n": 65
      },
      "ADPT": {
        "rmse": 41.16688564982554,
        "mae": 27.068428527345002,
        "r2": 0.71412834923437,
        "r": 0.8669893914382119,
        "n": 69
      },
      "ASLP": {
        "rmse": 17.619772299761532,
        "mae": 12.367813434443232,
        "r2": 0.8389440346880821,
        "r": 0.9188012009771894,
        "n": 68
      },
      "AWBT": {
        "rmse": 19.605199959708187,
        "mae": 13.6524383731321,
        "r2": 0.7917141585657681,
        "r": 0.892290435501341,
        "n": 91
      }
    }
  }
}